Job Title,Company Name,Sponsored,Posted,Salary
Dog Walker,Wag!,Sponsored,Not Available,$30 an hour
Property Assessor,Eco Technology Inc,Sponsored,3 days ago,$500 a week
Amazon Delivery Driver,1-800 Courier,Sponsored,Not Available,$160 a day
Walt Disney Animation Studios - Creative Roles,Studio Entertainment,Not Sponsored,6 days ago,Not Available
Administrative Assistant (Confidential) Student Services,Cerritos College,Not Sponsored,15 days ago,"$5,498 - $6,905 a month"
"Assistant, Production",NBCUniversal,Not Sponsored,1 day ago,Not Available
"Dog Sitter - Flexible Hours, Work From Home, Play With Dogs",Rover,Not Sponsored,1 day ago,"$1,000 a month"
United States Probation and Pretrial Services Officer,United States District Court,Not Sponsored,30+ days ago,"$43,686 - $107,955 a year"
Clerk,UCLA Health,Not Sponsored,3 hours ago,Not Available
Stocker,Costco Wholesale,Not Sponsored,30+ days ago,Not Available
Crew,Trader Joe's,Not Sponsored,20 hours ago,$15 - $18 an hour
"Flight Attendant, JetSuiteX - Burbank",JetSuite,Not Sponsored,10 days ago,$165 a day
Talent Assistant,NBCUniversal,Not Sponsored,4 days ago,Not Available
Open Interviews - Inside Sales Representative,Spectrum,Sponsored by Indeed Hiring Events,3 days ago,"$45,000 a year"
Postmates Delivery Driver (Make Your Own Schedule),Postmates,Sponsored,Not Available,$22 an hour
"Coordinator, Flight Service",American Airlines,Not Sponsored,1 day ago,Not Available
Office Assistant,LowCostWebDesignFirm.com,Not Sponsored,5 days ago,"$40,000 - $60,000 a year"
DreamWorks TV - Administrative Assistant (Talent Relations),NBCUniversal,Not Sponsored,3 days ago,Not Available
Administrative Assistant,Harold Mohr Enterprises,Not Sponsored,20 hours ago,"$1,500 a month"
"Columbia Pictures Creative Development Trainee, Motion Picture Group - Spring 2019",Sony Pictures Entertainment Inc.,Not Sponsored,3 days ago,Not Available
Help Wanted,Los Angeles City College,Not Sponsored,25 days ago,Not Available
Crew,AMC Theatres,Not Sponsored,30+ days ago,Not Available
DreamWorks TV - Administrative Assistant (Marketing),NBCUniversal,Not Sponsored,3 days ago,Not Available
Retail BudTender,American Atom Group,Not Sponsored,4 hours ago,$12 - $18 an hour
On-Air/Podcast Co-Host,Entertainment and Fashion,Not Sponsored,20 days ago,Not Available
Police Communications Trainee,"City of Glendale, CA",Not Sponsored,5 days ago,"$4,279 - $6,567 a month"
Entry Level Promotions Coordinator,Incline Inc.,Not Sponsored,15 hours ago,"$42,600 - $56,300 a year"
District Manager,Public Storage,Not Sponsored,11 days ago,"$80,000 a year"
"SCAN CLERK/ DEPENDENCY COURT/ MONTEREY PARK, CA",Childrens Law Center of California,Not Sponsored,30+ days ago,Not Available
"Physical Production Trainee - Motion Picture Group, Spring 2019",Sony Pictures Entertainment Inc.,Not Sponsored,1 day ago,Not Available
Specialist,Apple,Not Sponsored,2 days ago,Not Available
ASSISTANT INSPECTOR GENERAL (UC) - OFFICE OF INSPECTOR GENERAL,Los Angeles County Department of Human Resources,Not Sponsored,15 days ago,"$155,687 - $235,645 a year"
Casting Assistant,Entertainment Partners,Not Sponsored,7 days ago,Not Available
PASSENGER ENGINEER TRAINEE - 90248624 - Los Angeles,Amtrak,Not Sponsored,1 day ago,Not Available
Dog Sitter,Rover,Not Sponsored,1 day ago,"$1,000 a month"
"Conductor Trainee - Primary Recall - Los Angeles, CA",BNSF,Not Sponsored,30+ days ago,$114 a day
"Criminal Investigator, GS-1811-13",US Department of Homeland Security,Not Sponsored,2 days ago,"$98,747 - $128,373 a year"
Investigator (Labor),US Department of Labor,Not Sponsored,5 days ago,"$51,940 - $74,444 a year"
"Editorial Producer, Global Brand Imaging",NIKE INC,Not Sponsored,10 hours ago,Not Available
Appellate Court Attorney – Central Staff,Judicial Council of California,Not Sponsored,1 day ago,"$5,656 a month"
Administrative Assistant,NBCUniversal,Not Sponsored,7 days ago,Not Available
Br. Receptionist,L A Federal Credit Union,Not Sponsored,2 days ago,"$27,580 - $32,688 a year"
Entry Level Operator,K&R Construction Solutions,Not Sponsored,6 hours ago,"$63,000 a year"
DreamWorks TV - Administrative Assistant,NBCUniversal,Not Sponsored,30+ days ago,Not Available
Budtender,Nexus Rx,Not Sponsored,18 days ago,Not Available
"Administrative Assistant, Intellectual Property",NBCUniversal,Not Sponsored,6 days ago,Not Available
Cannabis Grower,ANYA,Not Sponsored,4 days ago,Not Available
Claims Adjuster Trainee - Sherman Oaks,Progressive,Not Sponsored,1 day ago,"$55,000 a year"
Package Handler - Part-Time,UNITED PARCEL SERVICE,Not Sponsored,11 days ago,Not Available
Administrative Specialist I,Judicial Council of California,Not Sponsored,1 day ago,"$5,662 - $6,880 a month"
DreamWorks Feature - Administrative Assistant- Development,NBCUniversal,Not Sponsored,30+ days ago,Not Available
Fit Model,A.Peach Inc,Not Sponsored,4 days ago,$30 an hour
Package Handler- Warehouse,FedEx Ground Warehouse,Not Sponsored,2 days ago,Not Available
Nike Santa Monica Part-Time Athlete,NIKE INC,Not Sponsored,15 days ago,Not Available
Budtender,LASTMINUTEHR,Not Sponsored,2 days ago,Not Available
COMMUNITY SERVICES OFFICER - POLICE RECORDS,City of Inglewood,Not Sponsored,11 days ago,$20.28 - $28.73 an hour
Hospitality (Resident District Manager) 9 + Million revenue,EJS,Not Sponsored,27 days ago,"$120,000 - $140,000 a year"
Make $30-40 hr helping people take DMV road tests (car required),YoGov,Not Sponsored,11 days ago,$30 - $40 an hour
Bookseller (SpringTemporary) Cal State LA University Bookstore,Barnes & Noble College,Not Sponsored,3 days ago,Not Available
Creative Office and Social Media assistant,Bailey Blue Clothing,Not Sponsored,1 day ago,$15 - $18 an hour
Project Coordinator/Assistant,Apple,Not Sponsored,17 days ago,Not Available
DreamWorks Feature - Animation TA,NBCUniversal,Not Sponsored,30+ days ago,Not Available
Help Wanted,College Vista Post-Acute,Not Sponsored,30+ days ago,Not Available
Receptionist,Blue Blush Clothing,Not Sponsored,1 day ago,Not Available
"Flight Service Manager, Flight Service Base Operations",American Airlines,Not Sponsored,2 days ago,Not Available
Human Resources Assistant/Payroll/Recruiting-Cannabis Industry,Papa & Barkley,Not Sponsored,21 days ago,"$45,760 - $55,000 a year"
HR Coordinator - Brand Development,NBCUniversal,Not Sponsored,23 hours ago,Not Available
"Commercial Banking, Full Time Analyst (North America - 2019)",Citi,Not Sponsored,18 days ago,Not Available
Corporate Receptionist I,Forever 21,Not Sponsored,10 days ago,Not Available
Personal Assistant,Colette Jewelry,Not Sponsored,19 days ago,"$40,000 - $50,000 a year"
"Clerk, GG-0303-04/05- Census-EXT-CB",US Department of Commerce,Not Sponsored,10 days ago,"$33,780 - $49,133 a year"
PARKING CONTROL OFFICER,Los Angeles County Department of Human Resources,Not Sponsored,5 hours ago,"$37,686 - $49,276 a year"
Special Agent,Federal Bureau of Investigation,Sponsored,Not Available,Not Available
Retail Sales Associate - Natural History Museum of Los Angeles,Natural History Museum of Los Angeles County,Not Sponsored,1 day ago,Not Available
Budtender,LA Budtenders,Not Sponsored,30+ days ago,$11.50 - $12.00 an hour
GRADUATION EVALUATOR (180099),California State University,Not Sponsored,24 days ago,"$3,504 - $4,931 a month"
English/Armenian Call Center Operator,California Dental Group,Not Sponsored,5 days ago,Not Available
Front Office Assistant,The Wags Club,Not Sponsored,14 days ago,$12 - $14 an hour
Facilities Mail Clerk,Apple,Not Sponsored,11 days ago,Not Available
Cleaning Crew,millet crepe,Not Sponsored,3 hours ago,$80 a day
Fleet Service Clerk,Envoy Air,Not Sponsored,4 days ago,Not Available
Nike The Grove Part-Time Athlete,NIKE INC,Not Sponsored,16 days ago,Not Available
Front Desk Receptionist,Southern California Health & Rehabilitation Progra...,Not Sponsored,3 days ago,Not Available
Liquor Store Clerk,Liquor Inc,Not Sponsored,14 hours ago,"$40,000 a year"
Office Manager,"Valery Sweeny,D.D.S. Inc.",Not Sponsored,1 day ago,"$48,000 a year"
CAREER ADVISOR (180103),California State University,Not Sponsored,1 day ago,"$4,179 - $5,942 a month"
TRACTOR TRAILER OPERATOR,United States Postal Service,Not Sponsored,11 hours ago,$22.26 - $29.30 an hour
USFS Biologist Resource Assistant,mobilizegreen,Not Sponsored,1 day ago,$660 a week
Cabin Crew,The Emirates Group,Not Sponsored,30+ days ago,Not Available
Retail Sales Associate - Natural History Museum of Los Angeles,Natural History Museum of Los Angeles,Not Sponsored,24 days ago,Not Available
Office Manager/Receptionist,"Valery Sweeny,D.D.S. Inc.",Not Sponsored,1 day ago,"$30,000 - $48,000 a year"
Online Fashion Operations Assistant,"Lucy in the Sky, Inc.",Not Sponsored,4 days ago,$16 an hour
Data Processor,Pacifica Christian High School,Not Sponsored,2 days ago,$20 - $25 an hour
PARK RANGER 1966,"City of Los Angeles, CA",Not Sponsored,30+ days ago,"$52,158 - $76,274 a year"
General Laborer/Machine Operator,K&R Construction Solutions,Not Sponsored,6 hours ago,$38 an hour
Human Resources Specialist,Santa Monica-Malibu Unified School District,Not Sponsored,23 hours ago,"$43,728 - $55,788 a year"
Data Entry Specialist,Hulu,Not Sponsored,30+ days ago,Not Available
TEST PROCTOR/READER (180049),California State University,Not Sponsored,30+ days ago,Not Available
Early Morning Stocker,PETSMART,Not Sponsored,5 days ago,Not Available
EMPLOYER RELATIONS COORDINATOR (180108),California State University,Not Sponsored,9 days ago,"$4,179 - $5,942 a month"
2nd ASSISTANT TO SOCIAL MEDIA INFLUENCER,"Eat Read Love, Inc.",Sponsored,2 days ago,$15 an hour
Communications Specialist,Kaiser Permanente,Not Sponsored,6 days ago,Not Available
Administrative Assistant - Part Time (St...,Glendale Community College,Not Sponsored,8 days ago,"$1,910 - $2,106 a month"
ADMINISTRATIVE SERVICES MANAGER II,Los Angeles County Human Resources,Not Sponsored,22 hours ago,"$79,884 - $104,772 a year"
Mail Clerk,City of Hope,Not Sponsored,10 days ago,Not Available
Secretary III,Culver City Unified School District,Not Sponsored,30+ days ago,"$3,961 - $4,838 a month"
Data Entry Operator II,USC,Not Sponsored,2 days ago,Not Available
COMMUNITY SERVICES OFFICER - PROPERTY ROOM,City of Inglewood,Not Sponsored,11 days ago,$20.28 - $28.73 an hour
Los Angeles Tour Guide / Host,Tour Company,Not Sponsored,3 days ago,Not Available
DreamWorks TV - Script Coordinator,NBCUniversal,Not Sponsored,8 days ago,Not Available
Investment Analyst,RIMOVA,Not Sponsored,10 days ago,"$90,000 - $150,000 a year"
"Assistant, Social Impact",Creative Arts Agency (CAA),Not Sponsored,2 days ago,Not Available
DreamWorks TV - HR Assistant,NBCUniversal,Not Sponsored,30+ days ago,Not Available
Research Assistant - Surgery Part Time,Children's Hospital Los Angeles,Not Sponsored,11 hours ago,Not Available
Product Management Intern - Summer 2019,Hulu,Not Sponsored,30+ days ago,Not Available
Admitting Representative II,Children's Hospital Los Angeles,Not Sponsored,11 hours ago,Not Available
Cannabis Brand Ambassador - Los Angeles,Feel Good Sales Group,Not Sponsored,5 days ago,$25 an hour
Game Audio Music Production Assistant Intern,Sony Interactive Entertainment PlayStation,Not Sponsored,18 days ago,Not Available
Female Fit Model Women's Apparel,KHANGURA,Not Sponsored,11 days ago,$25 an hour
Spa Specialist In Front Desk At Montage International,Montage International,Not Sponsored,1 day ago,$22 - $30 an hour
HR Coordinator,Hulu,Not Sponsored,2 days ago,Not Available
DreamWorks TV Music Intern - Spring 2019,NBCUniversal,Not Sponsored,3 days ago,Not Available
Part-Time PERSONAL ASSISTANT,Misery Loves Co.,Not Sponsored,10 days ago,$20 - $25 an hour
Associate IT Support Technician,Kaiser Permanente,Not Sponsored,8 days ago,Not Available
Administrative Assistant,One Medical,Not Sponsored,3 hours ago,$16 an hour
Reiki Practitioner,Be Crystal Clear,Not Sponsored,22 days ago,$70 - $80 an hour
Online Order Processing / Data Entry,Warehouse Of Tiffany,Not Sponsored,13 days ago,$12 - $15 an hour
"Manager, Sourcing and Contracting - Full Time 8 Hour Days",Keck Medical Center of USC,Not Sponsored,3 days ago,Not Available
Customer Support Specialist,AT&T,Not Sponsored,9 days ago,$17.35 an hour
HR Consultant,Kaiser Permanente,Not Sponsored,10 hours ago,Not Available
Executive Assistant,NBCUniversal,Not Sponsored,16 days ago,Not Available
PRCS- Data Entry Clerk,HealthRIGHT 360,Not Sponsored,30+ days ago,Not Available
Call Center Sales Agent $20.00 per hour,Public Storage,Not Sponsored,7 days ago,$15 an hour
Front Desk Receptionist,Neda Naim DDS APC,Not Sponsored,1 day ago,Not Available
Editorial Associate (Contract),Roku,Not Sponsored,24 days ago,Not Available
Unit Secretary,SILVER LAKE MEDICAL CENTER,Not Sponsored,3 days ago,Not Available
"Producer, Daydream",Google,Not Sponsored,13 days ago,Not Available
2nd ASSISTANT TO SOCIAL MEDIA INFLUENCER,"Eat Read Love, Inc.",Not Sponsored,2 days ago,$15 an hour
Museum Tour Guide,Museum of Tolerance,Not Sponsored,4 days ago,$13.25 - $14.25 an hour
Participants Needed for Research Study!,"Marshall Behavioral Research Lab, University of So...",Not Sponsored,16 days ago,$20 an hour
Seamstress,Brilliant Drapery Design,Not Sponsored,9 hours ago,Not Available
International Film Operations Coordinator,NBCUniversal,Not Sponsored,3 days ago,Not Available
Floor Stocker,Tastas Inc,Not Sponsored,4 days ago,Not Available
CityWalk Projects Coordinator,NBCUniversal,Not Sponsored,23 hours ago,Not Available
Part-time Office Clerk,Nexstar Broadcasting,Not Sponsored,1 day ago,Not Available
SERVERS,R+D Kitchen,Not Sponsored,3 days ago,$150 - $250 a day
Help Wanted,Machu Picchu Jewelry,Not Sponsored,4 hours ago,Not Available
U.S. Probation and Pretrial Services Officer,United States Probation and Pretrial Services Offi...,Not Sponsored,1 day ago,"$43,686 - $107,955 a year"
Mail Clerk I,CSAC for Southwest Carpenters Training Fund,Not Sponsored,30+ days ago,$16.64 an hour
At Home Snow Travel Consultant,SnowPak,Not Sponsored,4 days ago,$15 - $25 an hour
Part Time Permit Runner,Vivint Solar,Not Sponsored,1 day ago,$14 - $18 an hour
Order Selector/ Warehouse Worker,Preferred Freezer Services,Not Sponsored,2 days ago,Not Available
Receptionist,Guadalupe Wedding Chapel,Not Sponsored,10 days ago,Not Available
Budget Secretary,Culver City Unified School District,Not Sponsored,16 days ago,"$3,853 - $4,698 a month"
Dog Handler / Cleaner,Dog Boarding / Rescue,Not Sponsored,23 days ago,"$20,000 - $31,200 a year"
Medical Receptionist,DaVita Medical Group,Not Sponsored,4 days ago,Not Available
Ralphs Grocery/Stocking Hourly Associate,Ralphs,Not Sponsored,30+ days ago,Not Available
HR Assistant-Storefront,Cedars-Sinai,Not Sponsored,1 day ago,Not Available
DreamWorks TV Development-Current Series Intern - Spring 2019,NBCUniversal,Not Sponsored,3 days ago,Not Available
STUDENT SERVICES PROFESSIONAL IB (180086),California State University,Not Sponsored,30+ days ago,"$3,685 - $5,213 a month"
Administrative Assistant II,UCLA Health,Not Sponsored,1 day ago,Not Available
Spring Internship- Santa Monica,Universal Music Group,Not Sponsored,25 days ago,Not Available
Experiential Events Producer,Apple,Not Sponsored,10 days ago,Not Available
INTERMEDIATE CLERK,Los Angeles County Human Resources,Not Sponsored,30+ days ago,"$31,715 - $42,565 a year"
Entry Level Customer Service Associate,Incline Inc.,Not Sponsored,15 hours ago,"$32,000 - $49,500 a year"
DreamWorks TV HR Events Intern - Spring 2019,NBCUniversal,Not Sponsored,3 days ago,Not Available
Full Time Nanny/cleaning,Roy,Not Sponsored,4 days ago,"$30,000 - $42,000 a year"
Teller Part Time Sunset and Vermont,Wells Fargo,Sponsored,2 days ago,Not Available
Kitchen Steward,San Vicente Bungalows & No. 850 Hotel,Sponsored,Not Available,Not Available
Masonry Company Hiring Masons/ Laborers/ Foreman,DiBara Masonry,Sponsored,Not Available,$14 - $30 an hour
"Access Services Assistant, YRL",UCLA,Not Sponsored,2 days ago,Not Available
Office Assistant $14.00 hr,Glen Rose Meat Company,Not Sponsored,2 days ago,$14 an hour
Help Wanted,Kim Phuoc Jewelry,Not Sponsored,6 hours ago,Not Available
Investigative Assistant I/II,"City of Cypress, CA",Not Sponsored,11 days ago,$18.44 - $25.95 an hour
ADMINISTRATIVE SUPPORT ASSISTANT II (180095),California State University,Not Sponsored,22 days ago,"$2,600 - $4,458 a month"
Police Investigation Technician,"City of Anaheim, CA",Not Sponsored,30+ days ago,"$6,172 - $7,502 a month"
Food Service Worker,Silver Lake Medical Center,Not Sponsored,1 day ago,Not Available
Front Desk Receptionist,"The Gym, L.A.",Not Sponsored,5 hours ago,Not Available
Personal Assistant to Busy Physician Business Owner,Santa Monica,Sponsored,Not Available,$20 an hour
Brand Representative for Non-Profit,Oxfam America,Sponsored,Not Available,$15 - $20 an hour
Customer Experience Specialist,Tesla,Not Sponsored,16 days ago,Not Available
Office Assistant,UCLA,Not Sponsored,1 day ago,Not Available
Amazon Retail Associate - Seasonal Only,Amazon.com,Not Sponsored,3 days ago,Not Available
Private Equity Analyst - Due Diligence,K1 Investments LLC,Not Sponsored,24 days ago,Not Available
Master Grower,Sunniva Inc.,Not Sponsored,1 day ago,Not Available
US Customs Classifier/Entry Associate II,APL Logistics - Carmichael International,Not Sponsored,4 days ago,$19 - $21 an hour
Usher,bellsco theater,Not Sponsored,11 days ago,Not Available
"Weekends Only, Part Time Work From Home SNF Healthcare Coordinator",Regal Medical Group,Not Sponsored,3 days ago,Not Available
Instructional Aide/Cosmetology Dispensary,North Orange County Community College District (NO...,Not Sponsored,1 day ago,"$1,964 - $2,379 a month"
TRANSCRIPTIONIST,San Dimas Community Hospital,Not Sponsored,4 days ago,Not Available
Crew Member,ArcLight Cinemas,Not Sponsored,23 days ago,Not Available
Help Wanted,Prime Mountings,Not Sponsored,5 hours ago,Not Available
Associate Production Incentives Specialist,Entertainment Partners,Not Sponsored,3 hours ago,Not Available
Administrative Assistant,Weinberg Gonser LLP,Not Sponsored,1 day ago,$15 - $18 an hour
On Call Female Model (FLEX) - Studio N Los Angeles,Nordstrom,Not Sponsored,3 days ago,Not Available
Call tester,Amnet Sevices,Not Sponsored,3 days ago,$15 - $18 an hour
Cruise Agents & Greeters - Los Angeles Cruise Terminal & LAX,Metro Cruise Services,Not Sponsored,5 days ago,Not Available
Cashier - Santa Monica,UCLA Health,Not Sponsored,7 days ago,Not Available
Packing,Overhill Farms Inc.,Not Sponsored,9 days ago,Not Available
Associate Producer,Kaiser Permanente,Not Sponsored,10 days ago,Not Available
Donut Maker,Ms. Donuts,Not Sponsored,24 days ago,$600 - $700 a week
"DreamWorks TV - Administrative Assistant, Business Affairs",NBCUniversal,Not Sponsored,30+ days ago,Not Available
Beer Ranger,New Belgium Brewing Company,Not Sponsored,17 days ago,Not Available
Receptionist,Jacobs,Not Sponsored,2 days ago,Not Available
Help Wanted,El Diablo,Not Sponsored,3 hours ago,Not Available
Creative Ops Producer,NIKE INC,Not Sponsored,23 days ago,Not Available
Office Assistant,Viper Staffing Services,Not Sponsored,6 days ago,Not Available
Assistant Environmental Specialist I (Environmental Planning),Metropolitan Water District of Southern California,Not Sponsored,30+ days ago,$31.84 - $41.88 an hour
Anesthesia Technician,St. Vincent Medical Center,Not Sponsored,15 days ago,Not Available
Administrative Assistant,USC,Not Sponsored,2 days ago,$21.00 - $21.50 an hour
Crew Member,Planet Fitness - CA,Not Sponsored,1 day ago,Not Available
Production Associate,Media Networks,Not Sponsored,11 hours ago,Not Available
Communications Assistant,99 Cents Only,Not Sponsored,10 hours ago,Not Available
"Private Bank, Full Time Analyst (North America - 2019)",Citi,Not Sponsored,30+ days ago,Not Available
"Administrative Assistant, Radio Promotion",Sony Music Entertainment,Not Sponsored,3 days ago,Not Available
Producer,Little Screen Productions,Not Sponsored,1 day ago,"$38,000 - $50,000 a year"
Cannabis Delivery Specialist,"Eaze Retail Partner – Los Angeles, CA",Not Sponsored,4 days ago,$14 - $18 an hour
Assistant Manager Social Services,Kaiser Permanente,Not Sponsored,8 days ago,Not Available
Data Entry Assistant,SDI Media USA,Not Sponsored,30+ days ago,Not Available
Secretary/Receptionist,Montessori School in West LA,Not Sponsored,2 days ago,Not Available
Junior Pen Tester,The DigiTrust Group,Not Sponsored,12 days ago,Not Available
Cannabis Brand Ambassador,Eaze,Not Sponsored,24 days ago,$20 - $60 an hour
Account Manager,Microsoft,Not Sponsored,4 days ago,Not Available
Outdoor Adventure Guide,ARC,Not Sponsored,9 days ago,$13.75 - $17.00 an hour
Patient Registration Rep,St Mary Medical Center - Long Beach,Not Sponsored,1 day ago,Not Available
Office Coordinator,"SPARKS LASPORTS, LLC",Not Sponsored,4 days ago,Not Available
Executive Assistant,Nordstrom,Not Sponsored,4 days ago,Not Available
A&R Assistant,Warner Music Group,Not Sponsored,9 days ago,Not Available
"Manager, Project Management",Kaiser Permanente,Not Sponsored,2 days ago,Not Available
Human Resource Assistant,Apparel Group,Not Sponsored,1 day ago,$16 - $18 an hour
Audio Creative,Output,Not Sponsored,30 days ago,Not Available
US Forest Service Biologist Resource Assistant,MobilizeGreen,Not Sponsored,2 days ago,$660 a week
Project Administrative Assistant,Jacobs,Not Sponsored,3 days ago,Not Available
Receptionist,APC Law Office,Not Sponsored,22 days ago,"$25,000 - $30,000 a year"
Personal Assistant,Generate,Not Sponsored,30+ days ago,"$26,000 - $30,000 a year"
Event Staff,@thealleyweddings,Not Sponsored,5 days ago,$15 - $20 an hour
Help Wanted,Norwalk Library,Not Sponsored,9 days ago,Not Available
Overnight Crew Member,Planet Fitness - CA,Not Sponsored,1 day ago,Not Available
Ramp Agent,Menzies Aviation,Not Sponsored,23 days ago,Not Available
Assembly,Overhill Farms Inc.,Not Sponsored,9 days ago,Not Available
Executive Assistant II,Paramount Pictures,Not Sponsored,4 days ago,Not Available
Executive Assistant II,Viacom,Not Sponsored,4 days ago,Not Available
Warehouse & Delivery Clerk I,BOEING,Not Sponsored,18 days ago,Not Available
"Coordinator, Awards Events Creative",Netflix,Not Sponsored,1 day ago,Not Available
ADMINISTRATIVE ASSISTANT (180046),California State University,Not Sponsored,30+ days ago,"$3,115 - $5,475 a month"
Creative And Talented Copywriter,FreeeUp,Not Sponsored,4 days ago,Not Available
Warehouse Worker,Dollar King,Not Sponsored,11 days ago,Not Available
Account Manager,NBCUniversal,Not Sponsored,3 days ago,Not Available
ArcLight Santa Monica Crew Member,ArcLight Cinemas,Not Sponsored,23 days ago,Not Available
"Registration Administrator, Large Collections",MUSEUM ASSOCIATES,Not Sponsored,18 days ago,Not Available
Administrative Assistant/Customer Service (part time),Avalon Risk Management,Not Sponsored,2 hours ago,$15 - $18 an hour
Aviation Maintanence Technician Trainee (LAX),FedEx Express,Not Sponsored,17 days ago,Not Available
Customer Experience Specialist (Part-time),Tesla,Not Sponsored,12 days ago,Not Available
Overnight DC Order Selector - Full Time (Southern California Distribution),Whole Foods Market,Not Sponsored,30+ days ago,Not Available
Personal Assistant,CALI RL investments LLC,Not Sponsored,13 days ago,$15 an hour
Producer,Doggie Dream Productions,Not Sponsored,30 days ago,"$1,000 a month"
Part time receptionist,TONI&GUY Hairdressing Academy,Not Sponsored,1 day ago,Not Available
BREWER,GOLDEN ROAD BREWING,Not Sponsored,3 days ago,Not Available
Background Investigator,OMNISEC INTL INVESTIGATIONS,Not Sponsored,18 days ago,Not Available
Park Naturalist (Part-Time),"City of Monrovia, CA",Not Sponsored,8 days ago,$18.97 - $25.42 an hour
Help Wanted,Chocolate Chair,Not Sponsored,5 hours ago,Not Available
Admission Officer,UCLA,Not Sponsored,2 days ago,Not Available
"Creative Director, Culture Lab",Hulu,Not Sponsored,2 days ago,Not Available
Integrated Content Associate,Hulu,Not Sponsored,23 days ago,Not Available
"Manager, Campus Programs & Campus Diversity",NBCUniversal,Not Sponsored,15 days ago,Not Available
cleaning service and check in service,Airbnb short term,Sponsored,20 days ago,$120 - $160 a day
Inflight Teammate,World Wings Airways,Not Sponsored,19 days ago,Not Available
Garage Attendant (Transportation),Los Angeles Unified School District,Not Sponsored,24 days ago,$19.55 an hour
Manager,UCLA Health,Not Sponsored,3 hours ago,Not Available
Accounting Clerk,NBCUniversal,Not Sponsored,24 days ago,Not Available
Chiropractic Associate,Chiropractic West,Not Sponsored,2 hours ago,Not Available
Escape Room Customer Service Team Member,Architect Escape Rooms,Not Sponsored,11 days ago,Not Available
Data Entry Clerk,Viper Staffing Services,Not Sponsored,6 days ago,Not Available
Ordinary Seaman,Metson Group,Not Sponsored,30+ days ago,Not Available
Transporter (Full Time - 11am-7:30pm),"Martin Luther King, Jr. Community Hospital",Not Sponsored,16 days ago,Not Available
Corporate Greeter,AltaMed,Not Sponsored,4 days ago,Not Available
los angeles in need of personnel,avent group,Not Sponsored,4 days ago,Not Available
Paid Volunteer for Game Testing,"Netmarble US, Inc.",Not Sponsored,18 days ago,Not Available
Resource Specialist -,Culver City Unified School District,Not Sponsored,17 days ago,$201 a day
Administrative Assistant,"Wastech Controls & Engineering, Inc.",Not Sponsored,7 hours ago,Not Available
External Affairs Coordinator,Professional Child Development Associates,Not Sponsored,2 days ago,"$46,000 - $50,000 a year"
Plant Worker - 1st shift - Vernon,Stericycle,Not Sponsored,1 day ago,Not Available
"Assistant, Motion Pictures Business Affairs",Creative Arts Agency (CAA),Not Sponsored,16 days ago,Not Available
STAFF ASSISTANT III,Los Angeles County Human Resources,Not Sponsored,16 days ago,"$59,136 - $77,559 a year"
DreamWorks Feature Training Intern - Spring 2019,NBCUniversal,Not Sponsored,3 days ago,Not Available
Research Associate II - Field Interviewer,Kaiser Permanente,Not Sponsored,4 days ago,Not Available
DreamWorks TV Production Intern - Spring 2019,NBCUniversal,Not Sponsored,3 days ago,Not Available
Treasury Assistant,UCLA,Not Sponsored,1 day ago,Not Available
Team Member - Cerritos 16,Harkins Theaters,Not Sponsored,30+ days ago,Not Available
Receptionist,"Sync Staffing, Inc",Not Sponsored,10 hours ago,Not Available
Customer Service Representative,"Shy Creation, INC",Not Sponsored,12 days ago,$15 - $25 an hour
Office Assistant (As Needed),Montebello Unified School District,Not Sponsored,10 days ago,$13.49 an hour
Custodian,Judicial Council of California,Not Sponsored,18 days ago,"$2,920 a month"
PRCS Data Entry,HealthRIGHT 360,Not Sponsored,30+ days ago,Not Available
LABORATORY ASSISTANT,Los Angeles County Department of Human Resources,Not Sponsored,30+ days ago,"$31,639 - $41,339 a year"
Will Train- Retail Associate,Ross Dress For Less(store located on 3rd and fairf...,Not Sponsored,7 days ago,$13.25 an hour
Advocate to Protect Children,New Canvassing Experience,Not Sponsored,3 days ago,"$2,700 a month"
Receptionist,Complete Family Medical & Dental Clinic,Not Sponsored,18 days ago,Not Available
Nike The Grove Seasonal Athlete,NIKE INC,Not Sponsored,30+ days ago,Not Available
"Legal Assistant, Studios",Amazon.com,Not Sponsored,30+ days ago,Not Available
Athletic Fields Groundskeeper- Entry,USC,Not Sponsored,13 hours ago,Not Available
Motor Vehicle Operator,US Department of Veterans Affairs,Not Sponsored,4 days ago,$20.59 - $24.00 an hour
Paid Internship-Household Manager,San Marco,Not Sponsored,4 days ago,$12.00 - $12.50 an hour
"Associate Commercial Counsel, YouTube",Google,Not Sponsored,3 days ago,Not Available
International Banking Specialist,U.S. Bank,Not Sponsored,29 days ago,$21.78 - $24.18 an hour
Assistance with a business manuscript,Business Firm,Not Sponsored,23 hours ago,"$1,000 a week"
Front Desk Agent,Sunset Marquis Hotel,Not Sponsored,1 day ago,Not Available
"Area Manager, GG-0301-13, Census-EXT-CB",US Department of Commerce,Not Sponsored,2 days ago,"$98,747 - $128,373 a year"
Water Distribution Operator I (73.18),Golden State Water,Not Sponsored,18 days ago,"$37,622 - $56,575 a year"
Help Wanted,Unified Protective Services,Not Sponsored,11 days ago,Not Available
"CLERK, NC (TEMPORARY)",Los Angeles County Department of Human Resources,Not Sponsored,25 days ago,$15 an hour
"Digital Project Manager, Beats by Dr. Dre",Apple,Not Sponsored,10 days ago,Not Available
Aircraft Interior and Exterior Agent - LAX,AFI - AccuFleet,Not Sponsored,5 days ago,$18.99 an hour
Producer - Los Angeles,Deloitte,Not Sponsored,21 days ago,Not Available
Data Entry Associate,Diagnostic Laboratories & Radiology,Not Sponsored,18 days ago,Not Available
Front Desk Associates- Miracle Mile,EQUINOX,Not Sponsored,2 days ago,Not Available
Night Crew Order Puller,"Rancho Foods, Inc.",Not Sponsored,8 days ago,$13 - $14 an hour
Stage Manager,Universal Studios Hollywood,Not Sponsored,16 days ago,$21.98 an hour
"Program Associate, Homeless Initiatives",United Way of Greater Los Angeles,Not Sponsored,15 days ago,Not Available
"administrative assistant, LS- Southwest, West Coast, USA",Starbucks,Not Sponsored,7 days ago,Not Available
Video Associate,Los Angeles Dodgers LLC,Not Sponsored,4 days ago,Not Available
Personal Assistant/Receptionist,Palm View Dental,Not Sponsored,25 days ago,Not Available
Guest Service Agent - Hilton Los Angeles Airport,Hilton Hotels & Resorts,Not Sponsored,4 days ago,Not Available
"Imaging Assistant; Full Time, Day Shift",Adventist Health Glendale,Not Sponsored,9 days ago,Not Available
"Clerk, Data Entry",Greater El Monte Community Hospital,Not Sponsored,30+ days ago,Not Available
Executive Protection Agent,"J Blair Group, Inc",Not Sponsored,23 days ago,$35 - $50 an hour
Receptionist,Tribune Media Company,Not Sponsored,26 days ago,Not Available
Contact Center Service Delivery Support,Kaiser Permanente,Not Sponsored,30+ days ago,Not Available
Detention Officer,G4S,Not Sponsored,26 days ago,$31.01 an hour
Personal Assistant to Women's Empowerment Company!,Divine Living,Not Sponsored,3 days ago,Not Available
Admitting Representative,Avanti Hospitals,Not Sponsored,9 days ago,Not Available
"Head of Programming, Los Angeles",Apple,Not Sponsored,30+ days ago,Not Available
Data Operations Assistant (Part-Time),First Capitol,Not Sponsored,2 days ago,$14 an hour
Administrative Assistant,Wedbush Securities,Not Sponsored,18 hours ago,Not Available
"Account Executive, Skate/Lifestyle, North America",NIKE INC,Not Sponsored,24 days ago,Not Available
Receptionist/Office Assistant,21 Dental Group,Not Sponsored,7 days ago,Not Available
Pre-Need Funeral Arranger for Angelus Funeral Home,Worldwide Family Associates,Not Sponsored,1 day ago,Not Available
"E-Commerce Specialist Amazon FBA, Etsy, Shopify.","Hands Craft US, Inc.",Not Sponsored,3 days ago,Not Available
"Assistant II, Music Touring",Creative Arts Agency (CAA),Not Sponsored,14 days ago,Not Available
Archive Specialist,NBCUniversal,Not Sponsored,17 days ago,Not Available
"Coordinator, Music and Talent Procurement",Live Nation,Not Sponsored,3 days ago,Not Available
Front Office Receptionist/Scheduler,L.A. Orthopaedic Surgery Specialists,Not Sponsored,4 days ago,Not Available
Airbnb Host,AirBnB Property,Not Sponsored,23 days ago,$15 - $20 an hour
Press Coordinator,NBCUniversal,Not Sponsored,30+ days ago,Not Available
Help Wanted,"Associated Students, California State University",Not Sponsored,3 days ago,Not Available
Packer,"Love Tree Fashion, Inc",Not Sponsored,28 days ago,Not Available
Administrative Assistant,Ascensus,Not Sponsored,15 hours ago,Not Available
"Coordinator, Development & Production",NBCUniversal,Not Sponsored,4 days ago,Not Available
IM/FP,DaVita Medical Group,Not Sponsored,9 days ago,Not Available
Medical Record Technician (Coder)-CDIS,US Department of Veterans Affairs,Not Sponsored,5 days ago,"$57,264 - $74,444 a year"
DETENTION SERVICES OFFICER,Los Angeles County Department of Human Resources,Not Sponsored,30+ days ago,"$54,921 - $64,629 a year"
"Screen Gems Development Intern, Motion Picture Group - Spring 2019",Sony Pictures Entertainment Inc.,Not Sponsored,22 days ago,Not Available
Executive Protection Agent,Stratum Group International,Not Sponsored,1 day ago,"$48,000 - $50,000 a year"
Scanner,Diagnostic Laboratories & Radiology,Not Sponsored,30+ days ago,Not Available
Project Manager II,Kaiser Permanente,Not Sponsored,14 days ago,Not Available
Administrative Assistant,Netflix,Not Sponsored,23 days ago,Not Available
Analyst - Kaiser Permanente School of Medicine,Kaiser Permanente,Not Sponsored,23 days ago,Not Available
Conversational English Teacher,Global TESOL College,Not Sponsored,13 days ago,"$1,500 - $2,500 a month"
Guest Experience Host,Merlin Entertainments Midway Attractions,Not Sponsored,20 hours ago,Not Available
YouTube Channel Videographer,TechSmartt,Not Sponsored,14 days ago,Not Available
"COORDINATOR, ENTERTAINMENT MARKETING",PUMA,Not Sponsored,12 days ago,Not Available
Part time Administrative Assistant,Angeles Academy,Not Sponsored,1 day ago,$16 - $17 an hour
Danish Subtitle Editor,SDI Media USA,Not Sponsored,5 hours ago,Not Available
Front Desk Receptionist,Gloveworx,Not Sponsored,10 days ago,$12.00 - $13.50 an hour
Seasonal Copywriter Associate,Nordstrom,Not Sponsored,11 days ago,Not Available
Winter/Summer Camp Intructor,Camp Super Duper,Not Sponsored,12 days ago,$135 a day
Help Wanted,FashionGo,Not Sponsored,18 hours ago,Not Available
Help Wanted,Promesa USA,Not Sponsored,16 hours ago,Not Available
HOURLY ACADEMIC CAPTIONIST I (180051),California State University,Not Sponsored,23 days ago,Not Available
Front Desk Staff,SoulCycle,Not Sponsored,8 days ago,Not Available
Administrative Assistant,Behavior Frontiers,Not Sponsored,1 day ago,$14 an hour
Scholarships Programs Coordinator,USC,Not Sponsored,4 days ago,$21 - $23 an hour
VR/AR QA Tester,Method Studios,Not Sponsored,21 hours ago,Not Available
Children's Play Area Co-worker (20 - 34 hours per week),Ikea,Not Sponsored,17 days ago,Not Available
Customer Solutions Representative 1,Southern California Edison,Not Sponsored,9 days ago,Not Available
Homeless Engagement Team (HET) Member (FRI - TUES),Los Angeles Homeless Services Authority,Not Sponsored,30+ days ago,$18.00 - $26.09 an hour
Records Clerk,Los Angeles Job Corps Center,Not Sponsored,5 days ago,Not Available
DHS Summer Research Team Program for Minority Serving Institutions,ORAU/ORISE,Not Sponsored,2 days ago,"$600 - $1,200 a week"
Unit Secretary - Telemetry FT Days,"Martin Luther King, Jr. Community Hospital",Not Sponsored,20 hours ago,Not Available
One Team Associate,Deloitte,Not Sponsored,10 days ago,Not Available
Customer Service Representative,ETO Doors Corporation,Not Sponsored,5 days ago,$13.50 - $16.00 an hour
Admitting Representative,SILVER LAKE MEDICAL CENTER,Not Sponsored,30+ days ago,Not Available
"Vans PT Sales Associate (Store #049 Santa Monica in Santa Monica, CA )",Vans,Not Sponsored,30+ days ago,Not Available
Underwriting Training Program - Global Risk Solutions - Southern CA (June 2019),Liberty Mutual,Not Sponsored,30+ days ago,"$57,500 - $61,500 a year"
Bookseller - Temporary,Barnes & Noble,Not Sponsored,30+ days ago,Not Available
Help Wanted,Athenian Fashion,Not Sponsored,9 hours ago,Not Available
Illustrator,Riot Games,Not Sponsored,11 days ago,Not Available
Membership and Visitor Services Representative,The Huntington,Not Sponsored,2 days ago,Not Available
Production Archivist,Longshuo Culture Corporation,Not Sponsored,2 days ago,Not Available
Permit Technician (Long Beach Area),VCA Code,Not Sponsored,1 day ago,$25 - $45 an hour
Help Wanted,GILLI,Not Sponsored,1 day ago,Not Available
Help Wanted,Lollol USA,Not Sponsored,1 day ago,Not Available
Help Wanted,GJG DENIM,Not Sponsored,1 day ago,Not Available
Help Wanted,Troy Designs Inc,Not Sponsored,1 day ago,Not Available
Help Wanted,IJOAH,Not Sponsored,1 day ago,Not Available
Dock Worker (Part-Time),XPO Logistics,Not Sponsored,14 days ago,$16.74 an hour
Survey - Land Surveyor - 0-3 Yrs. Exp.,KPFF Consulting Engineers,Not Sponsored,30+ days ago,Not Available
"Overnight Breaking/ Trending News Editor, NY or LA",Fox News Channel,Not Sponsored,1 day ago,Not Available
Planner II,Honeywell,Not Sponsored,2 days ago,Not Available
Video Editor (Full Time),Obsev Studios,Not Sponsored,12 days ago,"$39,000 a year"
School Operations Manager,ISANA Academies,Not Sponsored,1 day ago,"$55,000 a year"
Product Advisor - Century City (Part-Time) 91380171,Microsoft,Not Sponsored,9 days ago,Not Available
Aircraft Interior and Exterior Agent - LAX,Accufleet International,Not Sponsored,5 days ago,$18.99 an hour
SANTA CLAUS ENTERTAINERS - HIRING NOW,Creative Parties For Kids,Not Sponsored,1 day ago,$50 an hour
Comic book Personal Assistant,Roque Gallery LLC,Not Sponsored,29 days ago,$16 - $18 an hour
CASHIER- GIFT SHOP,Good Samaritan Hospital of Los Angeles,Not Sponsored,30+ days ago,Not Available
Warehouse Clerk,Smoke Tokes,Not Sponsored,25 days ago,$500 - $600 a week
DreamWorks Feature - Modeler,NBCUniversal,Not Sponsored,16 days ago,Not Available
"Ambulatory Clinic Rep, UCEDD/Mental Health",Children's Hospital Los Angeles,Not Sponsored,6 days ago,Not Available
Administrative Assistant,Veterans AJCC,Not Sponsored,3 days ago,$16 an hour
"Project Specialist, Communication & Events",USC,Not Sponsored,4 days ago,"$48,000 - $60,000 a year"
M-F 3:00pm-11:30pm House Monitor to work w/ Mentally Ill,VSN,Not Sponsored,5 hours ago,$14 - $16 an hour
Conference Coordinator,Solugenix Corporation,Not Sponsored,2 days ago,$35 an hour
Garage Assistant (Transportation),Los Angeles Unified School District,Not Sponsored,24 days ago,$21.87 an hour
"Global Programs Lead, Music, YouTube Spaces",Google,Not Sponsored,18 days ago,Not Available
Entry Level Promotions Assistant,Capitol City,Not Sponsored,12 days ago,"$37,600 - $45,400 a year"
"Sales Assistant, NBC Sports Regional Networks",NBCUniversal,Not Sponsored,4 days ago,Not Available
Storyboard Revisionist,Media Networks,Not Sponsored,11 hours ago,Not Available
Admin/Production Assistant,SD3D,Not Sponsored,1 day ago,$12 - $16 an hour
Data Consultant,Kaiser Permanente,Not Sponsored,4 days ago,Not Available
Production Assistant,Sinclair Broadcast Group,Not Sponsored,22 days ago,Not Available
Customer Relations Representative - MSO,Providence Health & Services,Not Sponsored,7 days ago,Not Available
Crew Member Glendale,Pacific Theatres,Not Sponsored,23 days ago,Not Available
General Office Worker,"gorilladesignlab,inc",Not Sponsored,8 days ago,Not Available
Package Handler,OnTrac,Not Sponsored,6 hours ago,Not Available
Springer,Living Spaces,Not Sponsored,3 days ago,Not Available
Admissions Coordinator,Fireside Health Care Center,Not Sponsored,1 day ago,$16 - $20 an hour
Medical Receptionist,Linden Optometry,Not Sponsored,3 days ago,$13.25 - $14.25 an hour
Help Wanted,El Segundo Police Department,Not Sponsored,19 days ago,Not Available
Live Video Operations Manager - Santa Monica,Amazon.com,Not Sponsored,30 days ago,Not Available
Creative After Effects Video Editor,méShell Studios,Not Sponsored,1 day ago,$30 - $45 an hour
Recruiter - North America Service,Tesla,Not Sponsored,29 days ago,Not Available
Composer's MIDI Orchestrator,Backyard Industries,Not Sponsored,30+ days ago,Not Available
Digital Analyst,Los Angeles Lakers,Not Sponsored,1 day ago,Not Available
"YOUTH WORKER, CHILDREN'S SERVICES",Los Angeles County Department of Human Resources,Not Sponsored,30+ days ago,"$31,320 a year"
Clinical Care Associate - Neurosurgery Clinic,Cedars-Sinai,Not Sponsored,1 day ago,Not Available
"Teller (Part-Time) - Hollywood, North Hollywood, Los Angeles, CA and Surrounding Areas",JP Morgan Chase,Not Sponsored,8 days ago,$16.50 an hour
Cashier Food and Nutrition,SILVER LAKE MEDICAL CENTER,Not Sponsored,1 day ago,Not Available
Customer Success Representative,IS Solutions,Not Sponsored,1 day ago,"$40,000 - $50,000 a year"
Curatorial Assistant,UCLA,Not Sponsored,8 days ago,Not Available
"Administrative Assistant, Front Desk","Broadcast Music, Inc",Not Sponsored,5 days ago,Not Available
QC Operator,Eurofins Digital Media Services,Not Sponsored,10 days ago,Not Available
Airport Customer Service - Meet and Greet Los Angeles,Intercruises Shoreside & Port Services,Not Sponsored,30+ days ago,Not Available
Front office receptionist,MD Perio,Not Sponsored,3 days ago,$12 - $15 an hour
Student Affairs Coordinator,CBD College,Not Sponsored,20 days ago,Not Available
Administrative Support Assistant,EIS,Not Sponsored,2 days ago,$16 - $20 an hour
Reseach Associate,UCLA Health,Not Sponsored,1 day ago,Not Available
Entry Level Machine Operator,K&R Construction Solutions,Not Sponsored,6 hours ago,$46 an hour
Logistic Coordinator,Empire Transport & Forwarding Inc,Not Sponsored,1 day ago,"$3,000 - $5,000 a month"
Central TA Specialist (Remote),Lowe's Inc.,Not Sponsored,5 days ago,Not Available
Early Morning Stocker,ProVantage Corporate Solutions,Not Sponsored,15 days ago,$15 an hour
Receptionist/Administrative Assistant,KOTRA Los Angeles,Not Sponsored,26 days ago,"$3,000 a month"
Administrative Assistant - Festivals,AEG,Not Sponsored,1 day ago,Not Available
Analyst,Xsolla,Not Sponsored,15 days ago,"$65,000 a year"
Autonomous Driving Research/Engineering Intern,Aptiv,Not Sponsored,16 days ago,Not Available
Supply Chain Technician I,Providence Health & Services,Not Sponsored,8 hours ago,Not Available
Researcher,Riot Games,Not Sponsored,11 days ago,Not Available
Human Resources Assistant,EZ Worldwide Express,Not Sponsored,30+ days ago,$14 - $15 an hour
"Area Manager (Spanish), GG-0301-13, Census-EXT-CB",US Department of Commerce,Not Sponsored,2 days ago,"$98,747 - $128,373 a year"
New Ventures Associate,UCLA,Not Sponsored,8 days ago,Not Available
Supply Planning Manager,In-N-Out Burger,Not Sponsored,2 days ago,Not Available
"Seasonal Support, Retail - Los Angeles",Louis Vuitton,Not Sponsored,1 day ago,Not Available
Airline Customer Service Agents for LAX Airport,Hallmark Aviation Services,Not Sponsored,30+ days ago,Not Available
ERSEA Assistant,Children's Institute Inc.,Not Sponsored,4 hours ago,Not Available
Assistance with a business manuscript,Business Firm,Not Sponsored,1 day ago,"$1,000 a week"
Clinical Laboratory Asst - Part Time,USC,Not Sponsored,13 hours ago,$16 - $18 an hour
Pharmacy Technician,US Department of Veterans Affairs,Not Sponsored,1 day ago,"$42,127 - $54,760 a year"
Museum Guide,Los Angeles Department of Recreation And Parks,Not Sponsored,30+ days ago,Not Available
Picking and Packing,Fmu,Not Sponsored,4 days ago,Not Available
Medical Front Desk Receptionist,SAM Dermatology,Not Sponsored,2 days ago,Not Available
MAINTENANCE WORKER - GENERAL,BHC Alhambra Hospital,Not Sponsored,1 day ago,Not Available
"Analyst, Performance Improvement (KH) - Value Improvement Office",Keck Medical Center of USC,Not Sponsored,26 days ago,Not Available
Video Editor for Production Company,Little Screen Productions,Not Sponsored,22 hours ago,"$38,000 - $50,000 a year"
ORC INVESTIGATOR-Los Angeles,The Home Depot,Not Sponsored,4 days ago,Not Available
ART MODEL (170268),California State University,Not Sponsored,30+ days ago,Not Available
Maintenance Worker II,Community Development Commission of the County of...,Not Sponsored,1 day ago,"$39,415 - $53,813 a year"
Office Worker,Beach Cities Volleyball,Not Sponsored,4 days ago,"$29,000 - $32,000 a year"
Data Entry Associate,Advanced Medical Reviews,Not Sponsored,5 days ago,Not Available
Freezer Cooler Shipping Plant 1,Overhill Farms Inc.,Not Sponsored,9 days ago,Not Available
Recruiting Researcher,Netflix,Not Sponsored,11 days ago,Not Available
Help Wanted,Sierra Water Shop,Not Sponsored,1 day ago,Not Available
Merchandising and Stock Co-worker (20 - 34 hours per week),Ikea,Not Sponsored,9 days ago,Not Available
Office Assistant,Gerhardt Gear Co,Not Sponsored,1 day ago,Not Available
Executive Officer,UCLA,Not Sponsored,7 days ago,Not Available
Office assistant,"TalentHub Worldwide, Inc.",Not Sponsored,4 hours ago,$25 - $35 an hour
Indoor Football Player,National Gridiron League,Not Sponsored,2 days ago,Not Available
Film Mentor,Lucas Museum of Narrative Art,Not Sponsored,2 days ago,$25 an hour
Central Issues - Storekeeper -Evenings,Cedars-Sinai,Not Sponsored,5 days ago,Not Available
AIRBNB Host / Operations Associate,FURNISHD,Not Sponsored,8 days ago,$650 - $750 a week
COLLECTION MAINTENANCE COORDINATOR (180089),California State University,Not Sponsored,29 days ago,"$3,371 - $6,319 a month"
Part-Time Receptionist/Executive Assistant,Project Angel Food,Not Sponsored,1 day ago,$15 - $16 an hour
Scheduler,Providence Health & Services,Not Sponsored,2 days ago,Not Available
On-Site Property Manager,McIntire Management,Not Sponsored,2 days ago,"$1,800 a month"
Online Marketing Analyst (Entry Level),Advertise Purple,Not Sponsored,30+ days ago,"$65,000 a year"
"work now. vernon ca,",avent group,Not Sponsored,8 days ago,$12 an hour
Special Collec Archivist I,The J. Paul Getty Trust,Not Sponsored,30 days ago,"$47,799 - $59,754 a year"
Associate IT Consultant,Kaiser Permanente,Not Sponsored,2 days ago,Not Available
Help Wanted,Dental Playground,Not Sponsored,6 days ago,Not Available
Digital Coordinator,NBCUniversal,Not Sponsored,4 days ago,Not Available
Appointment Setter,Gideon,Not Sponsored,11 days ago,$12 - $15 an hour
Event Planner/Coordinator at Brentwood/Santa Monica Shopping Center,Brentwood Country Mart,Not Sponsored,16 days ago,"$50,000 a year"
Computer Operator II (Overnight Shift),FIS,Not Sponsored,5 days ago,Not Available
Customer Experience Specialist (Armenian Speaker),Tesla,Not Sponsored,29 days ago,Not Available
Accounting Tech II (Payroll),Metropolitan Water District of Southern California,Not Sponsored,30+ days ago,$28.53 - $37.52 an hour
Domestic Sorter,DHL eCommerce,Not Sponsored,27 days ago,Not Available
Baby Imaging Specialist - Brentwood,Cranial Technologies,Not Sponsored,4 days ago,$18 an hour
Administrative Assistant,"Ontario Refrigeration Service, Inc.",Not Sponsored,3 days ago,$25 an hour
Accounts Payable,Trusted Home Contractors Inc,Not Sponsored,13 hours ago,$18 - $20 an hour
RENT STABILIZATION & HOUSING INFORMATION COORDINATOR,"City of West Hollywood, CA",Not Sponsored,2 days ago,"$7,534 - $9,627 a month"
Medical Delivery Driver,Kreg Therapeutics,Not Sponsored,1 day ago,$14 an hour
CSS Coder Intern,corrieosuna.com,Not Sponsored,29 days ago,$12 an hour
"Production Coordinator, E! News",NBCUniversal,Not Sponsored,4 days ago,Not Available
Service Technician - Centinela,Tesla,Not Sponsored,4 days ago,Not Available
composer,Long Beach Opera,Not Sponsored,30 days ago,Not Available
Operator - Communications,Keck Medical Center of USC,Not Sponsored,3 days ago,Not Available
Nutrition Clerk,Torrance Memorial Medical Center,Not Sponsored,3 days ago,Not Available
Order Picker,Costco Wholesale,Not Sponsored,30+ days ago,Not Available
Executive Assistant,Netflix,Not Sponsored,10 days ago,Not Available
Receptionist,GUESS?. INC.,Not Sponsored,16 days ago,Not Available
Campus Aide,PUC Schools,Not Sponsored,2 days ago,Not Available
Concierge / Front Desk,Plaza la Reina,Not Sponsored,3 days ago,$14 - $16 an hour
Head of Auxiliary Services Operations,The J. Paul Getty Trust,Not Sponsored,2 days ago,"$120,971 - $157,270 a year"
Warehouse Agent - 213,Mercury Air Cargo (AVION),Not Sponsored,23 hours ago,Not Available
Front Office Medical Assistant//Reception,South Bay Allergy and Asthma Associates,Not Sponsored,1 day ago,$14.50 - $16.21 an hour
Teacher Opportunities - SIGN ON BONUS!,The Help Group,Not Sponsored,21 days ago,"$5,000 a month"
Real Estate Representative I,Metropolitan Water District of Southern California,Not Sponsored,10 days ago,$30.96 - $40.76 an hour
Handbags Gucci DSA Sales Associate,Neiman Marcus,Not Sponsored,30+ days ago,Not Available
College Associate,Fox News Channel,Not Sponsored,9 days ago,Not Available
"Designer, Internships",enso,Not Sponsored,20 days ago,$15 an hour
IT Desktop Support,Bento Box Entertainment,Not Sponsored,16 days ago,$915 - $920 a week
Video Editor,Getty Images,Not Sponsored,1 day ago,Not Available
Package Handler - (Multiple days/shifts available),"Newgistics, Inc.",Not Sponsored,30+ days ago,Not Available
Infant Childcare Assistant,Studio City Child Care,Not Sponsored,1 day ago,"$24,000 a year"
"Generalist, Human Resources",NBCUniversal,Not Sponsored,17 days ago,Not Available
Resident Archivist,USC,Not Sponsored,3 days ago,"$55,000 a year"
Medical Front Desk Receptionist,West Dermatology / Beverly HIlls,Not Sponsored,2 days ago,Not Available
"vernon ca, in need",avent group,Not Sponsored,4 days ago,$12 an hour
Front Desk Receptionist,Del Rey Optometry,Not Sponsored,30+ days ago,"$24,960 - $33,200 a year"
Content Partnerships Analyst,Hulu,Not Sponsored,26 days ago,Not Available
Transporter - Full Time Days,"Martin Luther King, Jr. Community Hospital",Not Sponsored,30+ days ago,Not Available
Project Manager I Non-Exempt (MT-2203),Kaiser Permanente,Not Sponsored,30+ days ago,Not Available
Electrical Installer,Tesla,Not Sponsored,24 days ago,Not Available
Marketing Assistant - Cannabis,CannabizTeam,Not Sponsored,13 hours ago,"$55,000 - $65,000 a year"
GROUNDS KEEPER / MAINTENANCE / PET CARE,PVDA,Not Sponsored,1 day ago,$17 an hour
Systems Release Manager,Kaiser Permanente,Not Sponsored,10 days ago,Not Available
Nerve Conduction Tech.,St. Andrews Medical Center,Not Sponsored,16 days ago,Not Available
Analyst,Insight Education Group,Not Sponsored,2 days ago,Not Available
Dental Front Office,MD Perio,Not Sponsored,3 days ago,$14 an hour
"Associate, Content Strategy & Analysis",Netflix,Not Sponsored,23 days ago,Not Available
Yard Hostler,ITS ConGlobal,Not Sponsored,8 days ago,$25 an hour
Jazz Musician seeks assistant,High Altitude,Not Sponsored,25 days ago,$15 an hour
Bay Major Accounts | #1239,Software Placement Group,Not Sponsored,30+ days ago,"$130,000 - $260,000 a year"
Data Center Entry-Level Tech (Night-Time Shift),QuadraNet,Not Sponsored,12 days ago,Not Available
Research Analyst,Kharon,Not Sponsored,9 days ago,Not Available
Budtender - CALIFORNIA,Holistic Industries,Not Sponsored,30+ days ago,Not Available
Investor Relations Executive,High Grade Management Group,Not Sponsored,12 days ago,"$20,000 - $100,000 a year"
Data Manager,UCLA Health,Not Sponsored,1 day ago,Not Available
"Strategy, Analyst - Government",Deloitte,Not Sponsored,18 days ago,Not Available
Telemarketing Representative,ARTSKY AGENCY,Not Sponsored,1 day ago,"$2,500 - $5,000 a month"
Administrative Assistant/Receptionist,TCA Architects,Not Sponsored,4 days ago,Not Available
"Barista, Starbucks",University of Southern California - Health Science...,Not Sponsored,2 days ago,$14.12 an hour
Customer Service Agent - 213,Mercury Air Cargo (AVION),Not Sponsored,23 hours ago,Not Available
Administrative Specialist,UCLA David Geffen School of Medicine,Not Sponsored,4 days ago,$20.88 - $41.38 an hour
Helper,CestToi,Not Sponsored,3 days ago,Not Available
E-Commerce / Amazon Expert for Women's clothing line,Women's clothing manufacturer,Not Sponsored,30+ days ago,"$60,000 - $100,000 a year"
Longo Toyota Full Time Receptionist,Longo Toyota,Not Sponsored,5 days ago,Not Available
FRONT DESK,Crunch Corporate Clubs,Not Sponsored,9 days ago,Not Available
Plant Worker,CK Consulting Groups,Not Sponsored,14 days ago,Not Available
Driver Helper,Balec Group,Not Sponsored,3 hours ago,$15 an hour
Service Representative - La Cienega,24 Hour Fitness,Not Sponsored,7 days ago,Not Available
E-Commerce Associate,IRIS,Not Sponsored,1 day ago,Not Available
"Administrative Assistant III, Digital Marketing - Motion Picture Group",Sony Pictures Entertainment Inc.,Not Sponsored,2 days ago,Not Available
"WE ARE ALL AMERICA REFUGEE ORGANIZER, LOS ANGELES","Organizer will be embedded within, and locally sup...",Not Sponsored,30+ days ago,"$50,000 - $60,000 a year"
Pen Tester,The DigiTrust Group,Not Sponsored,12 days ago,Not Available
"Associate, Production Finance",Netflix,Not Sponsored,15 days ago,Not Available
Receptionist,AltaMed,Not Sponsored,30+ days ago,Not Available
Turkish-Proficient Research Analyst,Kharon,Not Sponsored,3 days ago,Not Available
Graphic Designer,Tesla,Not Sponsored,29 days ago,Not Available
Server,Houston's,Not Sponsored,9 days ago,$125 - $300 a day
Payment Variance Representative,Alta Hospitals System,Not Sponsored,10 days ago,Not Available
Front Office Medical Receptionist,"HiredOn, LLC",Not Sponsored,2 days ago,$16 - $18 an hour
Receptionist/General Admin.,AMRO Fabricating Corp,Not Sponsored,1 day ago,Not Available
Guest Relations Associate,L.A. COUNTY MUSEUM NH,Not Sponsored,30+ days ago,$14 an hour
Birth Clerk,CENTINELA HOSPITAL MEDICAL CENTER,Not Sponsored,23 days ago,Not Available
Talent Relations Coordinator- Entertainment,"C&C Entertainment Firm, LLC",Not Sponsored,3 days ago,Not Available
Assistant Warehouse Manager,WorldPac,Not Sponsored,1 day ago,"$45,000 - $50,000 a year"
Incentive Clerk,LaborNow,Not Sponsored,11 days ago,$14 - $15 an hour
Loan Partner / Work From Home,Julie Aragon Lending Team,Not Sponsored,30+ days ago,"$40,000 - $60,000 a year"
los angeles personnel needed,avent group,Not Sponsored,3 days ago,Not Available
Tower Technician - All Levels,Skyhawk,Not Sponsored,1 day ago,$17 - $28 an hour
Surgery Coordinator,East West Eye Institute,Not Sponsored,8 days ago,$13.25 - $16.00 an hour
"Manager, International Publicity",Sony Pictures Entertainment Inc.,Not Sponsored,1 day ago,Not Available
Internal Events Coordinator,Snap Inc.,Not Sponsored,19 days ago,Not Available
Writers' Program Student Advisor,UCLA,Not Sponsored,2 days ago,Not Available
Help Wanted,Postalworks,Not Sponsored,22 hours ago,Not Available
Cutter,Living Spaces,Not Sponsored,1 day ago,Not Available
Warehouse Duties//Associates[PART TIME + OVERTIME],Sit Corporation,Not Sponsored,26 days ago,$14 - $18 an hour
ELIGIBILITY/EDI COORDINATOR,MV Medical Management,Not Sponsored,23 days ago,Not Available
Receptionist/Assistant,"Titan Offices, Inc.",Not Sponsored,30+ days ago,$12 an hour
Administrative Coordinator,"Level Four Business Mgmt, LLC",Not Sponsored,1 day ago,$18.50 - $20.50 an hour
Front Desk Attendant,Hardcore Fitness Boot Camp Pasadena,Not Sponsored,1 day ago,$12 an hour
"Admissions Coordinator, MSW Lead",USC,Not Sponsored,4 days ago,$21 - $23 an hour
Receptionist,Williams Lea,Not Sponsored,4 days ago,Not Available
Marketing and Communications Assistant,After-School All Stars,Not Sponsored,7 days ago,$20 an hour
Entry Level Representatives - Paid Training,Capitol City,Not Sponsored,13 days ago,"$39,400 - $48,000 a year"
Outreach Counselor (7551),California State University,Not Sponsored,30+ days ago,"$4,057 - $5,769 a month"
Financial Analyst,Amazon.com,Not Sponsored,30 days ago,Not Available
Spa Receptionist,Meridian Day Spa,Not Sponsored,19 hours ago,$11.00 - $13.25 an hour
Creative A&R Intern (Summer 2019) -- Los Angeles,Downtown Music Publishing,Not Sponsored,30+ days ago,Not Available
Help Wanted,Gentle Family Dentistry,Not Sponsored,11 days ago,Not Available
Air Concierge,Signature Flight Support,Not Sponsored,11 days ago,Not Available
Help Wanted,"Bhj Usa, Inc.",Not Sponsored,3 hours ago,Not Available
Faculty Affairs Analyst - Kaiser Permanente School of Medicine,Kaiser Permanente,Not Sponsored,13 days ago,Not Available
DreamWorks Feature - Surfacer,NBCUniversal,Not Sponsored,30+ days ago,Not Available
Executive Assistant,Curacao,Not Sponsored,2 days ago,$18 - $25 an hour
Video Producer,SPASIGMA,Not Sponsored,18 days ago,"$70,000 - $100,000 a year"
Fantasmo BIM/Revit Role,Fantasmo,Not Sponsored,2 days ago,$20 - $35 an hour
Receptionist,AEG,Not Sponsored,21 days ago,Not Available
Patient Care Representative - Family Medicine Full Time - Santa Monica,Providence Health & Services,Not Sponsored,2 days ago,Not Available
Tour Manager/Driver - National Power Tool Tour,TideSmart,Not Sponsored,2 days ago,"$1,200 a month"
Front Desk Receptionist,New Look Skin Center,Not Sponsored,8 days ago,Not Available
Office/Personal Assistant,WestCal Mortgage,Not Sponsored,22 days ago,"$30,000 - $100,000 a year"
LOCKSMITH,Los Angeles County Human Resources,Not Sponsored,1 day ago,"$71,578 a year"
Project Coordinator,Focus School Software,Not Sponsored,8 days ago,Not Available
Operations\Logistics Specialist,Fitness Ventures International,Not Sponsored,11 days ago,"$50,000 - $55,000 a year"
Help Wanted,current air,Not Sponsored,28 days ago,Not Available
Freight Broker / Truck Dispatcher,All State Associations,Not Sponsored,30+ days ago,"$4,000 a month"
Delivery Manager (Los Angeles) - Bluewolf,IBM,Not Sponsored,2 days ago,Not Available
Adjustment & Refund Clerk,Huntington Hospital,Not Sponsored,7 days ago,Not Available
Office Coordinator,UCLA,Not Sponsored,3 days ago,Not Available
Campaign & Creative Manager,Amazon.com,Not Sponsored,9 days ago,Not Available
Asset / Move Coordinator,TGC,Not Sponsored,3 days ago,"$80,000 a year"
Help Desk Associate Level 1,Lucky Strike Entertainment,Not Sponsored,11 days ago,Not Available
Parking Enforcement Officer (Multiple Positions)(JID 7468) (7468),California State University,Not Sponsored,30+ days ago,"$2,600 - $3,229 a month"
Influencer Marketing Manager,Amazon.com,Not Sponsored,19 days ago,Not Available
Enrollment Services Assistant - Temporar...,Glendale Community College,Not Sponsored,30+ days ago,$19.01 an hour
New Release Content Manager,Warner Music Group,Not Sponsored,2 days ago,Not Available
Program Manager Intensive ESL Programs,UCLA,Not Sponsored,8 days ago,Not Available
AGVS Logistics Technician - Full Time - Nights,Cedars-Sinai,Not Sponsored,4 days ago,Not Available
Receptionist/Administrative Assistant,BLUE BLUSH CLOTHING,Not Sponsored,8 days ago,Not Available
Financial Analyst,Amazon.com,Not Sponsored,20 days ago,Not Available
Inclusion Assistant,PUC Schools,Not Sponsored,2 days ago,Not Available
TEACHER ASSISTANT,Good Samaritan Hospital of Los Angeles,Not Sponsored,9 days ago,Not Available
2019 Talent Development Artist: Character TD Trainee,Disney Animation,Not Sponsored,2 days ago,Not Available
Scanner Operator,avent group,Not Sponsored,29 days ago,$12 an hour
Communications Specialist,UCLA Health,Not Sponsored,9 days ago,Not Available
Transporter- Los Angeles- Part Time Hours,Hertz,Not Sponsored,4 days ago,Not Available
Front Desk Associates- Woodland Hills,EQUINOX,Not Sponsored,4 days ago,Not Available
Nutrition Assistant I | Job Code #18-087,LA Bio Med,Not Sponsored,5 days ago,$14 - $22 an hour
Pet Concierge - Thrive @ Pasadena South,THRIVE Vet Care,Not Sponsored,22 days ago,Not Available
Watch Commander,"Security Industry Specialists, Inc.",Not Sponsored,4 days ago,"$66,650 a year"
Call Center Director,"Bencin & Associates, LLC",Not Sponsored,4 days ago,"$100,000 - $125,000 a year"
Residential Front Desk (Downtown Los Angeles)(Full time- Rover) (Lofts),Guard Systems Inc,Not Sponsored,3 days ago,Not Available
Police Communications Operator / Lateral,"City of Glendale, CA",Not Sponsored,5 days ago,"$4,279 - $6,567 a month"
Mail Associate,Williams Lea,Not Sponsored,4 days ago,Not Available
"Client Partner, Los Angeles",Facebook,Not Sponsored,18 days ago,Not Available
Medical Receptionist/ Front Desk,"HiredOn, LLC",Not Sponsored,30+ days ago,$14 - $18 an hour
AL Sherman Oaks Crew Member,ArcLight Cinemas,Not Sponsored,3 days ago,Not Available
Events and Social Media Manager,UCLA,Not Sponsored,1 day ago,Not Available
Project/Administrative IV,The J. Paul Getty Trust,Not Sponsored,30+ days ago,$24.19 - $30.24 an hour
LOCAL DRIVER NEEDED MONDAY -FRIDAY SHIFT Copy,The Trucking Guys,Not Sponsored,14 days ago,"$1,480 a week"
"Audubon Apprentice, Community Outreach (Debs Park)","National Audubon Society, Inc.",Not Sponsored,8 days ago,Not Available
"Marketing Communications Project Manager II, Digital Marketing",Kaiser Permanente,Not Sponsored,1 day ago,Not Available
EVS Worker - Environmental Services,Keck Medical Center of USC,Not Sponsored,1 day ago,Not Available
Occupancy Planning Coordinator,NBCUniversal,Not Sponsored,30+ days ago,Not Available
Paint Apprentice,colossal media,Not Sponsored,11 days ago,$20 an hour
Receptionist- Full,San Gabriel Valley Medical Center,Not Sponsored,30+ days ago,Not Available
General Office Clerk,Dasco Engineering Corporation,Not Sponsored,5 days ago,$14 an hour
Front Desk Specialist,Bright Beginnings Pediatric Services,Not Sponsored,8 days ago,$16 - $18 an hour
Animal Caretaker,Animal Kingdom of Santa Monica,Not Sponsored,3 days ago,$12 an hour
Customer Support Advocate + Shipping (part-time),XDR Radiology,Not Sponsored,7 days ago,"$21,000 - $24,500 a year"
Aviation Scheduling Manager,The Walt Disney Company (Corporate),Not Sponsored,7 days ago,Not Available
Administrative Assistant,SCI,Not Sponsored,19 days ago,$15 - $17 an hour
Operations / Customer Service,Evo Logistics,Not Sponsored,7 days ago,$16 - $19 an hour
SSE - Human Resources Analyst,SCRRA/Metrolink,Not Sponsored,30+ days ago,$50 - $70 an hour
Accountant - Remote,Big Brothers Big Sisters of America,Not Sponsored,9 days ago,Not Available
Former Admissions Officer,Flex College Prep,Not Sponsored,30+ days ago,"$75,000 a year"
Freelance Illustrator and Designer,Paper & Glam,Not Sponsored,11 days ago,Not Available
SHERIFF STATION CLERK I/NORTH COUNTY,Los Angeles County Department of Human Resources,Not Sponsored,11 days ago,"$37,964 - $45,796 a year"
Barback,NoMad Los Angeles,Not Sponsored,1 day ago,Not Available
Front Desk Receptionist,Tina K Studio,Not Sponsored,2 days ago,$12 an hour
K9 Helper,K9-INDIGO® Holistic Dog Training LLC,Not Sponsored,21 hours ago,$9.75 - $10.00 an hour
Growth Insights Analyst,Tamara Mellon,Not Sponsored,5 days ago,"$80,000 - $100,000 a year"
Waste Paper Inspector,Greenergy Corp.,Not Sponsored,5 days ago,"$2,000 - $2,500 a month"
Chiropractor,Urban Med Inc.,Not Sponsored,30+ days ago,$25 - $40 an hour
General Maintenance - Plant Maintenance,Keck Medical Center of USC,Not Sponsored,30+ days ago,Not Available
Overnight Concierge Manager,NFC Amenity Management,Not Sponsored,1 day ago,$20 an hour
Police Officer Pre-Service,City of Santa Monica,Not Sponsored,5 days ago,"$90,624 - $111,888 a year"
Urban Analyst,Localize.city,Not Sponsored,25 days ago,Not Available
Fueler - In To Plane,Menzies Aviation,Not Sponsored,15 days ago,Not Available
EDI Analyst,The Honest Company (Careers Page),Not Sponsored,4 days ago,Not Available
Public Safety Dispatch Administrator,City of Santa Monica,Not Sponsored,18 days ago,"$110,472 - $136,380 a year"
Front Desk Assistant,Soho Dance LA,Not Sponsored,4 days ago,$12 - $14 an hour
Entry Level Admin. Position,Liberty Staffing,Not Sponsored,3 days ago,$11 an hour
Inventory Analyst,NBCUniversal,Not Sponsored,14 days ago,Not Available
Eyelash Technician,BLINKBAR,Not Sponsored,30+ days ago,"$6,000 - $10,000 a month"
Streamer / Gamer,Sturdy Bird TV,Not Sponsored,22 hours ago,Not Available
Taleo System Analyst,Kaiser Permanente,Not Sponsored,30+ days ago,Not Available
Stocker,HD Supply,Not Sponsored,4 days ago,Not Available
MEDICAL ASSISTANT (170186),California State University,Not Sponsored,30+ days ago,"$2,600 - $4,869 a month"
General Warehouse Worker,Apparel Group,Not Sponsored,1 day ago,Not Available
Mental Health Worker (MHW),Southern California Hospitals at Van Nuys,Not Sponsored,1 day ago,Not Available
customer service,modlee,Not Sponsored,24 days ago,"$26,499 - $32,799 a year"
Data Entry Clerk,DSD Container Freight Station Inc.,Not Sponsored,1 day ago,$14 an hour
"Administrative Assistant, Originals","Starz Entertainment, LLC",Not Sponsored,30+ days ago,Not Available
"Admin Support - Urgent Care Office, Santa Monica",UCLA Health,Not Sponsored,16 hours ago,Not Available
"Strategic Initiatives Manager, Homeless Initiatives",United Way of Greater Los Angeles,Not Sponsored,5 days ago,Not Available
National Hiring Day: Front Desk Associates - California,Blink Fitness,Not Sponsored,21 hours ago,Not Available
Grocery Cashier,Beachwood Market,Not Sponsored,2 days ago,$12 an hour
Full-Time Nanny,Neverland Nannies & Domestics,Not Sponsored,30+ days ago,"$65,000 - $70,000 a year"
Service Representative - Downtown LA 6th St,24 Hour Fitness,Not Sponsored,7 days ago,Not Available
Production Technician,Openpath Security,Not Sponsored,9 days ago,"$18,000 - $35,000 a year"
Noncredit English as a Second Language (ESL) Instructor,Rio Hondo College,Not Sponsored,10 days ago,Not Available
APPOINTMENT SETTING,Home Remodeling,Not Sponsored,4 days ago,$20 an hour
Sales Planner - Local,Hulu,Not Sponsored,4 days ago,Not Available
Materials Handler,Huntington Hospital,Not Sponsored,7 days ago,Not Available
College Success Initiative Academic Specialist,"Jovenes, Inc.",Not Sponsored,9 days ago,$17 - $21 an hour
Lost Prevention Data Analyst (FT),Vallarta Supermarkets,Not Sponsored,3 days ago,$25 - $33 an hour
Manager of Operations,ITV America,Not Sponsored,5 days ago,"$80,000 - $125,000 a year"
Usher- Hollywood Palladium- Los Angeles,Live Nation,Not Sponsored,30+ days ago,Not Available
Bottle Service Waitress,Crocker Club,Not Sponsored,19 days ago,Not Available
Dental office/front-back,hale and hale dds,Not Sponsored,4 days ago,$19 - $24 an hour
1st- Production Pattern Maker,EVCR,Not Sponsored,26 days ago,"$45,000 - $70,000 a year"
REMOTE VIRTUAL RECRUITER,CRG,Not Sponsored,12 days ago,"$160,000 a year"
"Project Management Associate, Music",88rising,Not Sponsored,18 days ago,Not Available
Accountant II,DaVita Medical Group,Not Sponsored,1 day ago,Not Available
Student Success Coach,Families In Schools,Not Sponsored,4 days ago,$14 an hour
Dock Worker (Hostler),XPO Logistics,Not Sponsored,14 days ago,$16.79 an hour
Administrative Assistant,Hollywood Presbyterian Medical Center,Not Sponsored,11 days ago,Not Available
Customer Success Manager - Part Time,7Cups,Not Sponsored,1 day ago,$35 an hour
Reading Tutor,PRIDE Learning Center,Not Sponsored,30 days ago,$30 an hour
Collector-Medicare,UCLA Health,Not Sponsored,1 day ago,Not Available
Help Wanted,After Market,Not Sponsored,9 hours ago,Not Available
Esports Game Observer,CJ E&M,Not Sponsored,26 days ago,Not Available
Call Center Representative,Glendale Career College,Not Sponsored,9 days ago,Not Available
"Coordinator, International Marketing - Motion Picture Group",Sony Pictures Entertainment Inc.,Not Sponsored,30+ days ago,Not Available
BOOKKEEPER,Blue Nile properties,Not Sponsored,11 days ago,$20 an hour
